,biases,weights
0,"[[1.4507125 ]
 [0.64759894]]","[[-0.17780211  0.14732155  1.59669149 -0.89509899  0.07601506  0.20822811
  -0.46660002 -1.31228901 -0.41505579 -0.12898379  0.3562917  -2.22990883
  -1.13289074  0.52615528  0.61585561]
 [-1.67572618  0.47249298 -1.1710604  -1.03468294 -0.5224274  -0.60435268
   0.73829381  0.4615132  -0.22866953 -0.26018723 -0.30705176 -0.5694097
   0.39625867 -1.11917206 -0.63205432]]"
1,[[1.71717702]],[[-3.41384111 -2.6006188 ]]
