,biases,weights
0,"[[1.71455108]
 [0.79080724]]","[[-0.25091463  0.11415815  1.58298972 -0.90661245 -0.3693036   0.19010992
  -0.32716606 -1.19185133 -0.20401499 -0.20211898  0.60378779 -1.66891083
  -0.69874685  1.14996331  1.48006233]
 [-1.50951812  0.64864597 -0.97984513 -0.85486599 -0.69344906 -0.42063065
   0.99843151  0.7129871   0.05973073 -0.24984976  0.00328336 -0.10913286
   0.79354638 -0.63289861 -0.25348277]]"
1,[[-2.02281881]],[[-2.85150979 -2.23155194]]
