,biases,weights
0,"[[ 0.62595223]
 [-0.39850537]
 [ 2.42993945]
 [-0.38767749]
 [ 0.1406747 ]
 [ 1.90247451]]","[[-0.59106513  0.18792445 -0.32956078 -1.19251103 -0.19123423 -0.35860218
   0.60349046 -1.66455559 -0.70013772  1.12873886  1.85728877 -1.51093339
   0.64453282 -0.98060246 -0.81983352]
 [-0.87198795 -0.42259308  0.99638745  0.712342    0.054344   -0.36339724
   0.00324555 -0.10602979  0.79300325 -0.62581702 -0.00623144 -0.10121213
  -0.05227747  0.2491479   0.18541744]
 [ 1.3348975  -0.08685053  1.56157112 -0.30583085 -0.47822618  0.10075069
   0.35543366  0.26960995  1.29194666  1.13903499  0.49441486 -0.33636557
  -0.10064657  1.41337504  0.22110188]
 [-1.31103743 -0.68971875 -0.5776569   1.15204872 -0.11307833  2.25993285
   0.65648862  0.12463442 -0.43581028  0.97906239 -0.24076115 -0.82437903
   0.56823108  0.01264713  1.16441855]
 [-0.07343367 -2.85961226  0.78945857 -1.87767982  1.53998403  1.82141513
  -0.42701701 -1.16467035 -1.39707389  0.86968198 -0.2021462  -0.59834848
  -0.24350656  2.08847859  0.35289341]
 [ 0.74642187  0.77748412  1.01869346  1.0618084  -0.67224941 -0.21473539
  -0.76042638 -0.71067073  1.14178844 -0.51941295 -0.07902983 -0.69218047
  -0.59373231  0.78844684 -0.37943809]]"
1,[[-1.99436584]],[[-1.08786042  0.02809779 -0.47816466  0.30077868 -0.42174386 -2.6609389 ]]
